nodeType_addr	nodeType_addr	type	
Root_0	Flag_0	IS_ANNOTATED_BY
Root_0	Flag_0	IS_ANNOTATED_BY
Root_0	Flag_0	IS_ANNOTATED_BY
Root_0	Flag_0	IS_ANNOTATED_BY
Root_0	Flag_0	IS_ANNOTATED_BY
Root_0	Flag_0	IS_ANNOTATED_BY
Root_0	Flag_0	IS_ANNOTATED_BY
Root_0	Flag_0	IS_ANNOTATED_BY
Root_0	Flag_0	IS_ANNOTATED_BY
Root_0	Flag_0	IS_ANNOTATED_BY
Root_0	Flag_0	IS_ANNOTATED_BY
Root_0	Flag_0	IS_ANNOTATED_BY
Root_0	Flag_0	IS_ANNOTATED_BY
Root_0	Flag_0	IS_ANNOTATED_BY
Root_0	Flag_0	IS_ANNOTATED_BY
Root_0	Flag_0	IS_ANNOTATED_BY
Root_0	Flag_0	IS_ANNOTATED_BY
Root_0	Flag_0	IS_ANNOTATED_BY
Root_0	Flag_0	IS_ANNOTATED_BY
Root_0	Flag_0	IS_ANNOTATED_BY
Root_0	Flag_0	IS_ANNOTATED_BY
Root_0	Flag_0	IS_ANNOTATED_BY
Root_0	Flag_0	IS_ANNOTATED_BY
Root_0	Flag_0	IS_ANNOTATED_BY
Root_0	Flag_0	IS_ANNOTATED_BY
Root_0	Flag_0	IS_ANNOTATED_BY
Root_0	Flag_0	IS_ANNOTATED_BY
Root_0	Flag_0	IS_ANNOTATED_BY
Root_0	Flag_0	IS_ANNOTATED_BY
Root_0	Flag_0	IS_ANNOTATED_BY
Root_0	Flag_0	IS_ANNOTATED_BY
Root_0	Flag_0	IS_ANNOTATED_BY
Root_0	Flag_0	IS_ANNOTATED_BY
Root_0	Flag_0	IS_ANNOTATED_BY
Root_0	Flag_0	IS_ANNOTATED_BY
Root_0	Flag_0	IS_ANNOTATED_BY
Root_1540096	Flag_1540096	IS_ANNOTATED_BY
Root_1540096	Flag_1540096	IS_ANNOTATED_BY
Root_134512640	Flag_134512640	IS_ANNOTATED_BY
Root_134512640	Flag_134512640	IS_ANNOTATED_BY
Root_134512692	Flag_134512692	IS_ANNOTATED_BY
Root_134512948	Flag_134512948	IS_ANNOTATED_BY
Root_134512948	Flag_134512948	IS_ANNOTATED_BY
Root_134512948	Flag_134512948	IS_ANNOTATED_BY
Root_134512968	Flag_134512968	IS_ANNOTATED_BY
Root_134512968	Flag_134512968	IS_ANNOTATED_BY
Root_134512968	Flag_134512968	IS_ANNOTATED_BY
Root_134513000	Flag_134513000	IS_ANNOTATED_BY
Root_134513000	Flag_134513000	IS_ANNOTATED_BY
Root_134513148	Flag_134513148	IS_ANNOTATED_BY
Root_134513148	Flag_134513148	IS_ANNOTATED_BY
Root_134513436	Flag_134513436	IS_ANNOTATED_BY
Root_134513436	Flag_134513436	IS_ANNOTATED_BY
Root_134513806	Flag_134513806	IS_ANNOTATED_BY
Root_134513806	Flag_134513806	IS_ANNOTATED_BY
Root_134513844	Flag_134513844	IS_ANNOTATED_BY
Root_134513844	Flag_134513844	IS_ANNOTATED_BY
Root_134513972	Flag_134513972	IS_ANNOTATED_BY
Root_134513972	Flag_134513972	IS_ANNOTATED_BY
Root_134513988	Flag_134513988	IS_ANNOTATED_BY
Root_134513988	Flag_134513988	IS_ANNOTATED_BY
Root_134514084	Flag_134514084	IS_ANNOTATED_BY
Root_134514084	Flag_134514084	IS_ANNOTATED_BY
Root_134514084	Flag_134514084	IS_ANNOTATED_BY
Root_134514144	Flag_134514144	IS_ANNOTATED_BY
Root_134514144	Flag_134514144	IS_ANNOTATED_BY
Root_134514160	Flag_134514160	IS_ANNOTATED_BY
Root_134514176	Flag_134514176	IS_ANNOTATED_BY
Root_134514192	Flag_134514192	IS_ANNOTATED_BY
Root_134514208	Flag_134514208	IS_ANNOTATED_BY
Root_134514224	Flag_134514224	IS_ANNOTATED_BY
Root_134514240	Flag_134514240	IS_ANNOTATED_BY
Root_134514256	Flag_134514256	IS_ANNOTATED_BY
Root_134514272	Flag_134514272	IS_ANNOTATED_BY
Root_134514288	Flag_134514288	IS_ANNOTATED_BY
Root_134514304	Flag_134514304	IS_ANNOTATED_BY
Root_134514320	Flag_134514320	IS_ANNOTATED_BY
Root_134514336	Flag_134514336	IS_ANNOTATED_BY
Root_134514352	Flag_134514352	IS_ANNOTATED_BY
Root_134514352	Flag_134514352	IS_ANNOTATED_BY
Root_134514352	Flag_134514352	IS_ANNOTATED_BY
Root_134514352	Flag_134514352	IS_ANNOTATED_BY
Root_134514352	Flag_134514352	IS_ANNOTATED_BY
Root_134514400	Flag_134514400	IS_ANNOTATED_BY
Root_134514448	Flag_134514448	IS_ANNOTATED_BY
Root_134514512	Flag_134514512	IS_ANNOTATED_BY
Root_134514592	Flag_134514592	IS_ANNOTATED_BY
Root_134514640	Flag_134514640	IS_ANNOTATED_BY
Root_134514898	Flag_134514898	IS_ANNOTATED_BY
Root_134515068	Flag_134515068	IS_ANNOTATED_BY
Root_134515068	Flag_134515068	IS_ANNOTATED_BY
Root_134515271	Flag_134515271	IS_ANNOTATED_BY
Root_134515334	Flag_134515334	IS_ANNOTATED_BY
Root_134515376	Flag_134515376	IS_ANNOTATED_BY
Root_134515392	Flag_134515392	IS_ANNOTATED_BY
Root_134515482	Flag_134515482	IS_ANNOTATED_BY
Root_134515488	Flag_134515488	IS_ANNOTATED_BY
Root_134515528	Flag_134515528	IS_ANNOTATED_BY
Root_134515528	Flag_134515528	IS_ANNOTATED_BY
Root_134515528	Flag_134515528	IS_ANNOTATED_BY
Root_134515556	Flag_134515556	IS_ANNOTATED_BY
Root_134515556	Flag_134515556	IS_ANNOTATED_BY
Root_134515556	Flag_134515556	IS_ANNOTATED_BY
Root_134515560	Flag_134515560	IS_ANNOTATED_BY
Root_134515568	Flag_134515568	IS_ANNOTATED_BY
Root_134515579	Flag_134515579	IS_ANNOTATED_BY
Root_134515592	Flag_134515592	IS_ANNOTATED_BY
Root_134515592	Flag_134515592	IS_ANNOTATED_BY
Root_134515592	Flag_134515592	IS_ANNOTATED_BY
Root_134515652	Flag_134515652	IS_ANNOTATED_BY
Root_134515652	Flag_134515652	IS_ANNOTATED_BY
Root_134515908	Flag_134515908	IS_ANNOTATED_BY
Root_134515912	Flag_134515912	IS_ANNOTATED_BY
Root_134515912	Flag_134515912	IS_ANNOTATED_BY
Root_134516736	Flag_134516736	IS_ANNOTATED_BY
Root_134516736	Flag_134516736	IS_ANNOTATED_BY
Root_134516736	Flag_134516736	IS_ANNOTATED_BY
Root_134516736	Flag_134516736	IS_ANNOTATED_BY
Root_134516736	Flag_134516736	IS_ANNOTATED_BY
Root_134516736	Flag_134516736	IS_ANNOTATED_BY
Root_134516744	Flag_134516744	IS_ANNOTATED_BY
Root_134516748	Flag_134516748	IS_ANNOTATED_BY
Root_134516748	Flag_134516748	IS_ANNOTATED_BY
Root_134516748	Flag_134516748	IS_ANNOTATED_BY
Root_134516752	Flag_134516752	IS_ANNOTATED_BY
Root_134516756	Flag_134516756	IS_ANNOTATED_BY
Root_134516756	Flag_134516756	IS_ANNOTATED_BY
Root_134516756	Flag_134516756	IS_ANNOTATED_BY
Root_134516756	Flag_134516756	IS_ANNOTATED_BY
Root_134516760	Flag_134516760	IS_ANNOTATED_BY
Root_134516760	Flag_134516760	IS_ANNOTATED_BY
Root_134516760	Flag_134516760	IS_ANNOTATED_BY
Root_134516760	Flag_134516760	IS_ANNOTATED_BY
Root_134516984	Flag_134516984	IS_ANNOTATED_BY
Root_134516984	Flag_134516984	IS_ANNOTATED_BY
Root_134516988	Flag_134516988	IS_ANNOTATED_BY
Root_134516988	Flag_134516988	IS_ANNOTATED_BY
Root_134516988	Flag_134516988	IS_ANNOTATED_BY
Root_134517000	Flag_134517000	IS_ANNOTATED_BY
Root_134517004	Flag_134517004	IS_ANNOTATED_BY
Root_134517008	Flag_134517008	IS_ANNOTATED_BY
Root_134517012	Flag_134517012	IS_ANNOTATED_BY
Root_134517012	Flag_134517012	IS_ANNOTATED_BY
Root_134517016	Flag_134517016	IS_ANNOTATED_BY
Root_134517020	Flag_134517020	IS_ANNOTATED_BY
Root_134517024	Flag_134517024	IS_ANNOTATED_BY
Root_134517024	Flag_134517024	IS_ANNOTATED_BY
Root_134517028	Flag_134517028	IS_ANNOTATED_BY
Root_134517032	Flag_134517032	IS_ANNOTATED_BY
Root_134517032	Flag_134517032	IS_ANNOTATED_BY
Root_134517036	Flag_134517036	IS_ANNOTATED_BY
Root_134517040	Flag_134517040	IS_ANNOTATED_BY
Root_134517044	Flag_134517044	IS_ANNOTATED_BY
Root_134517048	Flag_134517048	IS_ANNOTATED_BY
Root_134517048	Flag_134517048	IS_ANNOTATED_BY
Root_134517048	Flag_134517048	IS_ANNOTATED_BY
Root_134517048	Flag_134517048	IS_ANNOTATED_BY
Root_134517052	Flag_134517052	IS_ANNOTATED_BY
Root_134517056	Flag_134517056	IS_ANNOTATED_BY
Root_134517056	Flag_134517056	IS_ANNOTATED_BY
Root_134517056	Flag_134517056	IS_ANNOTATED_BY
Root_134517056	Flag_134517056	IS_ANNOTATED_BY
Root_134517056	Flag_134517056	IS_ANNOTATED_BY
Root_134517056	Flag_134517056	IS_ANNOTATED_BY
Root_134517056	Flag_134517056	IS_ANNOTATED_BY
Root_134517200	Flag_134517200	IS_ANNOTATED_BY
Root_134517204	Flag_134517204	IS_ANNOTATED_BY
Root_134517216	Flag_134517216	IS_ANNOTATED_BY
Root_142517248	Flag_142517248	IS_ANNOTATED_BY
Root_142517332	Flag_142517332	IS_ANNOTATED_BY
Root_142517336	Flag_142517336	IS_ANNOTATED_BY
Root_134514084	Func_134514084	INTERPRETABLE_AS
Root_134514160	Func_134514160	INTERPRETABLE_AS
Root_134514176	Func_134514176	INTERPRETABLE_AS
Root_134514192	Func_134514192	INTERPRETABLE_AS
Root_134514208	Func_134514208	INTERPRETABLE_AS
Root_134514224	Func_134514224	INTERPRETABLE_AS
Root_134514240	Func_134514240	INTERPRETABLE_AS
Root_134514256	Func_134514256	INTERPRETABLE_AS
Root_134514272	Func_134514272	INTERPRETABLE_AS
Root_134514288	Func_134514288	INTERPRETABLE_AS
Root_134514304	Func_134514304	INTERPRETABLE_AS
Root_134514320	Func_134514320	INTERPRETABLE_AS
Root_134514336	Func_134514336	INTERPRETABLE_AS
Root_134514352	Func_134514352	INTERPRETABLE_AS
Root_134514400	Func_134514400	INTERPRETABLE_AS
Root_134514448	Func_134514448	INTERPRETABLE_AS
Root_134514512	Func_134514512	INTERPRETABLE_AS
Root_134514592	Func_134514592	INTERPRETABLE_AS
Root_134514640	Func_134514640	INTERPRETABLE_AS
Root_134514898	Func_134514898	INTERPRETABLE_AS
Root_134515068	Func_134515068	INTERPRETABLE_AS
Root_134515271	Func_134515271	INTERPRETABLE_AS
Root_134515334	Func_134515334	INTERPRETABLE_AS
Root_134515376	Func_134515376	INTERPRETABLE_AS
Root_134515392	Func_134515392	INTERPRETABLE_AS
Root_134515482	Func_134515482	INTERPRETABLE_AS
Root_134515488	Func_134515488	INTERPRETABLE_AS
Root_134515528	Func_134515528	INTERPRETABLE_AS
Root_134514084	BB_134514084	INTERPRETABLE_AS
Root_134514084	Instr_134514084	INTERPRETABLE_AS
BB_134514084	Instr_134514084	IS_BB_OF
Root_134514085	Instr_134514085	INTERPRETABLE_AS
Instr_134514084	Instr_134514085	IS_NEXT_IN_BB
BB_134514084	Instr_134514085	IS_BB_OF
Root_134514087	Instr_134514087	INTERPRETABLE_AS
Instr_134514085	Instr_134514087	IS_NEXT_IN_BB
BB_134514084	Instr_134514087	IS_BB_OF
Root_134514088	Instr_134514088	INTERPRETABLE_AS
Instr_134514087	Instr_134514088	IS_NEXT_IN_BB
BB_134514084	Instr_134514088	IS_BB_OF
Root_134514091	Instr_134514091	INTERPRETABLE_AS
Instr_134514088	Instr_134514091	IS_NEXT_IN_BB
BB_134514084	Instr_134514091	IS_BB_OF
Root_134514096	Instr_134514096	INTERPRETABLE_AS
Instr_134514091	Instr_134514096	IS_NEXT_IN_BB
BB_134514084	Instr_134514096	IS_BB_OF
Root_134514097	Instr_134514097	INTERPRETABLE_AS
Instr_134514096	Instr_134514097	IS_NEXT_IN_BB
BB_134514084	Instr_134514097	IS_BB_OF
Root_134514103	Instr_134514103	INTERPRETABLE_AS
Instr_134514097	Instr_134514103	IS_NEXT_IN_BB
BB_134514084	Instr_134514103	IS_BB_OF
Root_134514109	Instr_134514109	INTERPRETABLE_AS
Instr_134514103	Instr_134514109	IS_NEXT_IN_BB
BB_134514084	Instr_134514109	IS_BB_OF
Root_134514111	Instr_134514111	INTERPRETABLE_AS
Instr_134514109	Instr_134514111	IS_NEXT_IN_BB
BB_134514084	Instr_134514111	IS_BB_OF
Func_134514084	BB_134514084	IS_FUNC_OF
Root_134514118	BB_134514118	INTERPRETABLE_AS
Root_134514118	Instr_134514118	INTERPRETABLE_AS
BB_134514118	Instr_134514118	IS_BB_OF
Root_134514123	Instr_134514123	INTERPRETABLE_AS
Instr_134514118	Instr_134514123	IS_NEXT_IN_BB
BB_134514118	Instr_134514123	IS_BB_OF
Root_134514128	Instr_134514128	INTERPRETABLE_AS
Instr_134514123	Instr_134514128	IS_NEXT_IN_BB
BB_134514118	Instr_134514128	IS_BB_OF
Root_134514129	Instr_134514129	INTERPRETABLE_AS
Instr_134514128	Instr_134514129	IS_NEXT_IN_BB
BB_134514118	Instr_134514129	IS_BB_OF
Root_134514130	Instr_134514130	INTERPRETABLE_AS
Instr_134514129	Instr_134514130	IS_NEXT_IN_BB
BB_134514118	Instr_134514130	IS_BB_OF
Root_134514131	Instr_134514131	INTERPRETABLE_AS
Instr_134514130	Instr_134514131	IS_NEXT_IN_BB
BB_134514118	Instr_134514131	IS_BB_OF
Func_134514084	BB_134514118	IS_FUNC_OF
Root_134514113	BB_134514113	INTERPRETABLE_AS
Root_134514113	Instr_134514113	INTERPRETABLE_AS
BB_134514113	Instr_134514113	IS_BB_OF
Func_134514084	BB_134514113	IS_FUNC_OF
BB_134514084	BB_134514118	CFLOW_TRUE
BB_134514084	BB_134514113	CFLOW_FALSE
BB_134514113	BB_134514118	CFLOW_ALWAYS
Root_134514160	BB_134514160	INTERPRETABLE_AS
Root_134514160	Instr_134514160	INTERPRETABLE_AS
BB_134514160	Instr_134514160	IS_BB_OF
Func_134514160	BB_134514160	IS_FUNC_OF
Root_134514176	BB_134514176	INTERPRETABLE_AS
Root_134514176	Instr_134514176	INTERPRETABLE_AS
BB_134514176	Instr_134514176	IS_BB_OF
Func_134514176	BB_134514176	IS_FUNC_OF
Root_134514192	BB_134514192	INTERPRETABLE_AS
Root_134514192	Instr_134514192	INTERPRETABLE_AS
BB_134514192	Instr_134514192	IS_BB_OF
Func_134514192	BB_134514192	IS_FUNC_OF
Root_134514208	BB_134514208	INTERPRETABLE_AS
Root_134514208	Instr_134514208	INTERPRETABLE_AS
BB_134514208	Instr_134514208	IS_BB_OF
Func_134514208	BB_134514208	IS_FUNC_OF
Root_134514224	BB_134514224	INTERPRETABLE_AS
Root_134514224	Instr_134514224	INTERPRETABLE_AS
BB_134514224	Instr_134514224	IS_BB_OF
Func_134514224	BB_134514224	IS_FUNC_OF
Root_134514240	BB_134514240	INTERPRETABLE_AS
Root_134514240	Instr_134514240	INTERPRETABLE_AS
BB_134514240	Instr_134514240	IS_BB_OF
Func_134514240	BB_134514240	IS_FUNC_OF
Root_134514256	BB_134514256	INTERPRETABLE_AS
Root_134514256	Instr_134514256	INTERPRETABLE_AS
BB_134514256	Instr_134514256	IS_BB_OF
Func_134514256	BB_134514256	IS_FUNC_OF
Root_134514272	BB_134514272	INTERPRETABLE_AS
Root_134514272	Instr_134514272	INTERPRETABLE_AS
BB_134514272	Instr_134514272	IS_BB_OF
Func_134514272	BB_134514272	IS_FUNC_OF
Root_134514288	BB_134514288	INTERPRETABLE_AS
Root_134514288	Instr_134514288	INTERPRETABLE_AS
BB_134514288	Instr_134514288	IS_BB_OF
Func_134514288	BB_134514288	IS_FUNC_OF
Root_134514304	BB_134514304	INTERPRETABLE_AS
Root_134514304	Instr_134514304	INTERPRETABLE_AS
BB_134514304	Instr_134514304	IS_BB_OF
Func_134514304	BB_134514304	IS_FUNC_OF
Root_134514320	BB_134514320	INTERPRETABLE_AS
Root_134514320	Instr_134514320	INTERPRETABLE_AS
BB_134514320	Instr_134514320	IS_BB_OF
Func_134514320	BB_134514320	IS_FUNC_OF
Root_134514336	BB_134514336	INTERPRETABLE_AS
Root_134514336	Instr_134514336	INTERPRETABLE_AS
BB_134514336	Instr_134514336	IS_BB_OF
Func_134514336	BB_134514336	IS_FUNC_OF
Root_134514352	BB_134514352	INTERPRETABLE_AS
Root_134514352	Instr_134514352	INTERPRETABLE_AS
BB_134514352	Instr_134514352	IS_BB_OF
Root_134514354	Instr_134514354	INTERPRETABLE_AS
Instr_134514352	Instr_134514354	IS_NEXT_IN_BB
BB_134514352	Instr_134514354	IS_BB_OF
Root_134514355	Instr_134514355	INTERPRETABLE_AS
Instr_134514354	Instr_134514355	IS_NEXT_IN_BB
BB_134514352	Instr_134514355	IS_BB_OF
Root_134514357	Instr_134514357	INTERPRETABLE_AS
Instr_134514355	Instr_134514357	IS_NEXT_IN_BB
BB_134514352	Instr_134514357	IS_BB_OF
Root_134514360	Instr_134514360	INTERPRETABLE_AS
Instr_134514357	Instr_134514360	IS_NEXT_IN_BB
BB_134514352	Instr_134514360	IS_BB_OF
Root_134514361	Instr_134514361	INTERPRETABLE_AS
Instr_134514360	Instr_134514361	IS_NEXT_IN_BB
BB_134514352	Instr_134514361	IS_BB_OF
Root_134514362	Instr_134514362	INTERPRETABLE_AS
Instr_134514361	Instr_134514362	IS_NEXT_IN_BB
BB_134514352	Instr_134514362	IS_BB_OF
Root_134514363	Instr_134514363	INTERPRETABLE_AS
Instr_134514362	Instr_134514363	IS_NEXT_IN_BB
BB_134514352	Instr_134514363	IS_BB_OF
Root_134514368	Instr_134514368	INTERPRETABLE_AS
Instr_134514363	Instr_134514368	IS_NEXT_IN_BB
BB_134514352	Instr_134514368	IS_BB_OF
Root_134514373	Instr_134514373	INTERPRETABLE_AS
Instr_134514368	Instr_134514373	IS_NEXT_IN_BB
BB_134514352	Instr_134514373	IS_BB_OF
Root_134514374	Instr_134514374	INTERPRETABLE_AS
Instr_134514373	Instr_134514374	IS_NEXT_IN_BB
BB_134514352	Instr_134514374	IS_BB_OF
Root_134514375	Instr_134514375	INTERPRETABLE_AS
Instr_134514374	Instr_134514375	IS_NEXT_IN_BB
BB_134514352	Instr_134514375	IS_BB_OF
Root_134514380	Instr_134514380	INTERPRETABLE_AS
Instr_134514375	Instr_134514380	IS_NEXT_IN_BB
BB_134514352	Instr_134514380	IS_BB_OF
Func_134514352	BB_134514352	IS_FUNC_OF
Root_134514400	BB_134514400	INTERPRETABLE_AS
Root_134514400	Instr_134514400	INTERPRETABLE_AS
BB_134514400	Instr_134514400	IS_BB_OF
Root_134514405	Instr_134514405	INTERPRETABLE_AS
Instr_134514400	Instr_134514405	IS_NEXT_IN_BB
BB_134514400	Instr_134514405	IS_BB_OF
Root_134514410	Instr_134514410	INTERPRETABLE_AS
Instr_134514405	Instr_134514410	IS_NEXT_IN_BB
BB_134514400	Instr_134514410	IS_BB_OF
Root_134514413	Instr_134514413	INTERPRETABLE_AS
Instr_134514410	Instr_134514413	IS_NEXT_IN_BB
BB_134514400	Instr_134514413	IS_BB_OF
Func_134514400	BB_134514400	IS_FUNC_OF
Root_134514416	BB_134514416	INTERPRETABLE_AS
Root_134514416	Instr_134514416	INTERPRETABLE_AS
BB_134514416	Instr_134514416	IS_BB_OF
Root_134514421	Instr_134514421	INTERPRETABLE_AS
Instr_134514416	Instr_134514421	IS_NEXT_IN_BB
BB_134514416	Instr_134514421	IS_BB_OF
Root_134514423	Instr_134514423	INTERPRETABLE_AS
Instr_134514421	Instr_134514423	IS_NEXT_IN_BB
BB_134514416	Instr_134514423	IS_BB_OF
Func_134514400	BB_134514416	IS_FUNC_OF
Root_134514415	BB_134514415	INTERPRETABLE_AS
Root_134514415	Instr_134514415	INTERPRETABLE_AS
BB_134514415	Instr_134514415	IS_BB_OF
Func_134514400	BB_134514415	IS_FUNC_OF
Root_134514425	BB_134514425	INTERPRETABLE_AS
Root_134514425	Instr_134514425	INTERPRETABLE_AS
BB_134514425	Instr_134514425	IS_BB_OF
Root_134514426	Instr_134514426	INTERPRETABLE_AS
Instr_134514425	Instr_134514426	IS_NEXT_IN_BB
BB_134514425	Instr_134514426	IS_BB_OF
Root_134514428	Instr_134514428	INTERPRETABLE_AS
Instr_134514426	Instr_134514428	IS_NEXT_IN_BB
BB_134514425	Instr_134514428	IS_BB_OF
Root_134514431	Instr_134514431	INTERPRETABLE_AS
Instr_134514428	Instr_134514431	IS_NEXT_IN_BB
BB_134514425	Instr_134514431	IS_BB_OF
Root_134514438	Instr_134514438	INTERPRETABLE_AS
Instr_134514431	Instr_134514438	IS_NEXT_IN_BB
BB_134514425	Instr_134514438	IS_BB_OF
Root_134514440	Instr_134514440	INTERPRETABLE_AS
Instr_134514438	Instr_134514440	IS_NEXT_IN_BB
BB_134514425	Instr_134514440	IS_BB_OF
Root_134514441	Instr_134514441	INTERPRETABLE_AS
Instr_134514440	Instr_134514441	IS_NEXT_IN_BB
BB_134514425	Instr_134514441	IS_BB_OF
Func_134514400	BB_134514425	IS_FUNC_OF
BB_134514400	BB_134514416	CFLOW_TRUE
BB_134514400	BB_134514415	CFLOW_FALSE
BB_134514416	BB_134514415	CFLOW_TRUE
BB_134514416	BB_134514425	CFLOW_FALSE
Root_134514448	var_134514448	IS_ANNOTATED_BY
Root_134514448	BB_134514448	INTERPRETABLE_AS
Root_134514448	Instr_134514448	INTERPRETABLE_AS
BB_134514448	Instr_134514448	IS_BB_OF
Root_134514453	Instr_134514453	INTERPRETABLE_AS
Instr_134514448	Instr_134514453	IS_NEXT_IN_BB
BB_134514448	Instr_134514453	IS_BB_OF
Root_134514458	Instr_134514458	INTERPRETABLE_AS
Instr_134514453	Instr_134514458	IS_NEXT_IN_BB
BB_134514448	Instr_134514458	IS_BB_OF
Root_134514461	Instr_134514461	INTERPRETABLE_AS
Instr_134514458	Instr_134514461	IS_NEXT_IN_BB
BB_134514448	Instr_134514461	IS_BB_OF
Root_134514463	Instr_134514463	INTERPRETABLE_AS
Instr_134514461	Instr_134514463	IS_NEXT_IN_BB
BB_134514448	Instr_134514463	IS_BB_OF
Root_134514466	Instr_134514466	INTERPRETABLE_AS
Instr_134514463	Instr_134514466	IS_NEXT_IN_BB
BB_134514448	Instr_134514466	IS_BB_OF
Root_134514468	Instr_134514468	INTERPRETABLE_AS
Instr_134514466	Instr_134514468	IS_NEXT_IN_BB
BB_134514448	Instr_134514468	IS_BB_OF
Root_134514470	Instr_134514470	INTERPRETABLE_AS
Instr_134514468	Instr_134514470	IS_NEXT_IN_BB
BB_134514448	Instr_134514470	IS_BB_OF
Func_134514448	BB_134514448	IS_FUNC_OF
Root_134514482	BB_134514482	INTERPRETABLE_AS
Root_134514482	Instr_134514482	INTERPRETABLE_AS
BB_134514482	Instr_134514482	IS_BB_OF
Root_134514483	Instr_134514483	INTERPRETABLE_AS
Instr_134514482	Instr_134514483	IS_NEXT_IN_BB
BB_134514482	Instr_134514483	IS_BB_OF
Root_134514485	Instr_134514485	INTERPRETABLE_AS
Instr_134514483	Instr_134514485	IS_NEXT_IN_BB
BB_134514482	Instr_134514485	IS_BB_OF
Root_134514488	Instr_134514488	INTERPRETABLE_AS
Instr_134514485	Instr_134514488	IS_NEXT_IN_BB
BB_134514482	Instr_134514488	IS_BB_OF
Root_134514492	Instr_134514492	INTERPRETABLE_AS
Instr_134514488	Instr_134514492	IS_NEXT_IN_BB
BB_134514482	Instr_134514492	IS_BB_OF
Root_134514499	Instr_134514499	INTERPRETABLE_AS
Instr_134514492	Instr_134514499	IS_NEXT_IN_BB
BB_134514482	Instr_134514499	IS_BB_OF
Root_134514501	Instr_134514501	INTERPRETABLE_AS
Instr_134514499	Instr_134514501	IS_NEXT_IN_BB
BB_134514482	Instr_134514501	IS_BB_OF
Root_134514502	Instr_134514502	INTERPRETABLE_AS
Instr_134514501	Instr_134514502	IS_NEXT_IN_BB
BB_134514482	Instr_134514502	IS_BB_OF
Func_134514448	BB_134514482	IS_FUNC_OF
Root_134514472	BB_134514472	INTERPRETABLE_AS
Root_134514472	Instr_134514472	INTERPRETABLE_AS
BB_134514472	Instr_134514472	IS_BB_OF
Func_134514448	BB_134514472	IS_FUNC_OF
Root_134514473	BB_134514473	INTERPRETABLE_AS
Root_134514473	Instr_134514473	INTERPRETABLE_AS
BB_134514473	Instr_134514473	IS_BB_OF
Root_134514478	Instr_134514478	INTERPRETABLE_AS
Instr_134514473	Instr_134514478	IS_NEXT_IN_BB
BB_134514473	Instr_134514478	IS_BB_OF
Root_134514480	Instr_134514480	INTERPRETABLE_AS
Instr_134514478	Instr_134514480	IS_NEXT_IN_BB
BB_134514473	Instr_134514480	IS_BB_OF
Func_134514448	BB_134514473	IS_FUNC_OF
BB_134514448	BB_134514473	CFLOW_TRUE
BB_134514448	BB_134514472	CFLOW_FALSE
BB_134514473	BB_134514472	CFLOW_TRUE
BB_134514473	BB_134514482	CFLOW_FALSE
Root_134514550	BB_134514550	INTERPRETABLE_AS
Root_134514550	Instr_134514550	INTERPRETABLE_AS
BB_134514550	Instr_134514550	IS_BB_OF
Func_134514512	BB_134514550	IS_FUNC_OF
Root_134514512	BB_134514512	INTERPRETABLE_AS
Root_134514512	Instr_134514512	INTERPRETABLE_AS
BB_134514512	Instr_134514512	IS_BB_OF
Root_134514519	Instr_134514519	INTERPRETABLE_AS
Instr_134514512	Instr_134514519	IS_NEXT_IN_BB
BB_134514512	Instr_134514519	IS_BB_OF
Func_134514512	BB_134514512	IS_FUNC_OF
Root_134514589	BB_134514589	INTERPRETABLE_AS
Root_134514589	Instr_134514589	INTERPRETABLE_AS
BB_134514589	Instr_134514589	IS_BB_OF
Func_134514512	BB_134514589	IS_FUNC_OF
Root_134514574	BB_134514574	INTERPRETABLE_AS
Root_134514574	Instr_134514574	INTERPRETABLE_AS
BB_134514574	Instr_134514574	IS_BB_OF
Root_134514579	Instr_134514579	INTERPRETABLE_AS
Instr_134514574	Instr_134514579	IS_NEXT_IN_BB
BB_134514574	Instr_134514579	IS_BB_OF
Root_134514586	Instr_134514586	INTERPRETABLE_AS
Instr_134514579	Instr_134514586	IS_NEXT_IN_BB
BB_134514574	Instr_134514586	IS_BB_OF
Root_134514587	Instr_134514587	INTERPRETABLE_AS
Instr_134514586	Instr_134514587	IS_NEXT_IN_BB
BB_134514574	Instr_134514587	IS_BB_OF
Root_134514588	Instr_134514588	INTERPRETABLE_AS
Instr_134514587	Instr_134514588	IS_NEXT_IN_BB
BB_134514574	Instr_134514588	IS_BB_OF
Func_134514512	BB_134514574	IS_FUNC_OF
Root_134514552	BB_134514552	INTERPRETABLE_AS
Root_134514552	Instr_134514552	INTERPRETABLE_AS
BB_134514552	Instr_134514552	IS_BB_OF
Root_134514553	Instr_134514553	INTERPRETABLE_AS
Instr_134514552	Instr_134514553	IS_NEXT_IN_BB
BB_134514552	Instr_134514553	IS_BB_OF
Root_134514558	Instr_134514558	INTERPRETABLE_AS
Instr_134514553	Instr_134514558	IS_NEXT_IN_BB
BB_134514552	Instr_134514558	IS_BB_OF
Root_134514565	Instr_134514565	INTERPRETABLE_AS
Instr_134514558	Instr_134514565	IS_NEXT_IN_BB
BB_134514552	Instr_134514565	IS_BB_OF
Root_134514570	Instr_134514570	INTERPRETABLE_AS
Instr_134514565	Instr_134514570	IS_NEXT_IN_BB
BB_134514552	Instr_134514570	IS_BB_OF
Root_134514572	Instr_134514572	INTERPRETABLE_AS
Instr_134514570	Instr_134514572	IS_NEXT_IN_BB
BB_134514552	Instr_134514572	IS_BB_OF
Func_134514512	BB_134514552	IS_FUNC_OF
Root_134514521	BB_134514521	INTERPRETABLE_AS
Root_134514521	Instr_134514521	INTERPRETABLE_AS
BB_134514521	Instr_134514521	IS_BB_OF
Root_134514522	Instr_134514522	INTERPRETABLE_AS
Instr_134514521	Instr_134514522	IS_NEXT_IN_BB
BB_134514521	Instr_134514522	IS_BB_OF
Root_134514524	Instr_134514524	INTERPRETABLE_AS
Instr_134514522	Instr_134514524	IS_NEXT_IN_BB
BB_134514521	Instr_134514524	IS_BB_OF
Root_134514525	Instr_134514525	INTERPRETABLE_AS
Instr_134514524	Instr_134514525	IS_NEXT_IN_BB
BB_134514521	Instr_134514525	IS_BB_OF
Root_134514530	Instr_134514530	INTERPRETABLE_AS
Instr_134514525	Instr_134514530	IS_NEXT_IN_BB
BB_134514521	Instr_134514530	IS_BB_OF
Root_134514531	Instr_134514531	INTERPRETABLE_AS
Instr_134514530	Instr_134514531	IS_NEXT_IN_BB
BB_134514521	Instr_134514531	IS_BB_OF
Root_134514537	Instr_134514537	INTERPRETABLE_AS
Instr_134514531	Instr_134514537	IS_NEXT_IN_BB
BB_134514521	Instr_134514537	IS_BB_OF
Root_134514542	Instr_134514542	INTERPRETABLE_AS
Instr_134514537	Instr_134514542	IS_NEXT_IN_BB
BB_134514521	Instr_134514542	IS_BB_OF
Root_134514545	Instr_134514545	INTERPRETABLE_AS
Instr_134514542	Instr_134514545	IS_NEXT_IN_BB
BB_134514521	Instr_134514545	IS_BB_OF
Root_134514546	Instr_134514546	INTERPRETABLE_AS
Instr_134514545	Instr_134514546	IS_NEXT_IN_BB
BB_134514521	Instr_134514546	IS_BB_OF
Root_134514548	Instr_134514548	INTERPRETABLE_AS
Instr_134514546	Instr_134514548	IS_NEXT_IN_BB
BB_134514521	Instr_134514548	IS_BB_OF
Func_134514512	BB_134514521	IS_FUNC_OF
BB_134514512	BB_134514589	CFLOW_TRUE
BB_134514512	BB_134514521	CFLOW_FALSE
BB_134514521	BB_134514574	CFLOW_TRUE
BB_134514521	BB_134514550	CFLOW_FALSE
BB_134514550	BB_134514552	CFLOW_ALWAYS
BB_134514552	BB_134514552	CFLOW_TRUE
BB_134514552	BB_134514574	CFLOW_FALSE
BB_134514574	BB_134514589	CFLOW_ALWAYS
Root_134514592	BB_134514592	INTERPRETABLE_AS
Root_134514592	Instr_134514592	INTERPRETABLE_AS
BB_134514592	Instr_134514592	IS_BB_OF
Root_134514598	Instr_134514598	INTERPRETABLE_AS
Instr_134514592	Instr_134514598	IS_NEXT_IN_BB
BB_134514592	Instr_134514598	IS_BB_OF
Root_134514600	Instr_134514600	INTERPRETABLE_AS
Instr_134514598	Instr_134514600	IS_NEXT_IN_BB
BB_134514592	Instr_134514600	IS_BB_OF
Func_134514592	BB_134514592	IS_FUNC_OF
Root_134514611	BB_134514611	INTERPRETABLE_AS
Root_134514611	Instr_134514611	INTERPRETABLE_AS
BB_134514611	Instr_134514611	IS_BB_OF
Root_134514612	Instr_134514612	INTERPRETABLE_AS
Instr_134514611	Instr_134514612	IS_NEXT_IN_BB
BB_134514611	Instr_134514612	IS_BB_OF
Root_134514614	Instr_134514614	INTERPRETABLE_AS
Instr_134514612	Instr_134514614	IS_NEXT_IN_BB
BB_134514611	Instr_134514614	IS_BB_OF
Root_134514617	Instr_134514617	INTERPRETABLE_AS
Instr_134514614	Instr_134514617	IS_NEXT_IN_BB
BB_134514611	Instr_134514617	IS_BB_OF
Root_134514624	Instr_134514624	INTERPRETABLE_AS
Instr_134514617	Instr_134514624	IS_NEXT_IN_BB
BB_134514611	Instr_134514624	IS_BB_OF
Root_134514626	Instr_134514626	INTERPRETABLE_AS
Instr_134514624	Instr_134514626	IS_NEXT_IN_BB
BB_134514611	Instr_134514626	IS_BB_OF
Root_134514627	Instr_134514627	INTERPRETABLE_AS
Instr_134514626	Instr_134514627	IS_NEXT_IN_BB
BB_134514611	Instr_134514627	IS_BB_OF
Func_134514592	BB_134514611	IS_FUNC_OF
Root_134514632	BB_134514632	INTERPRETABLE_AS
Root_134514632	Instr_134514632	INTERPRETABLE_AS
BB_134514632	Instr_134514632	IS_BB_OF
Func_134514592	BB_134514632	IS_FUNC_OF
Root_134514602	BB_134514602	INTERPRETABLE_AS
Root_134514602	Instr_134514602	INTERPRETABLE_AS
BB_134514602	Instr_134514602	IS_BB_OF
Root_134514607	Instr_134514607	INTERPRETABLE_AS
Instr_134514602	Instr_134514607	IS_NEXT_IN_BB
BB_134514602	Instr_134514607	IS_BB_OF
Root_134514609	Instr_134514609	INTERPRETABLE_AS
Instr_134514607	Instr_134514609	IS_NEXT_IN_BB
BB_134514602	Instr_134514609	IS_BB_OF
Func_134514592	BB_134514602	IS_FUNC_OF
BB_134514592	BB_134514632	CFLOW_TRUE
BB_134514592	BB_134514602	CFLOW_FALSE
BB_134514602	BB_134514632	CFLOW_TRUE
BB_134514602	BB_134514611	CFLOW_FALSE
BB_134514611	BB_134514448	CFLOW_ALWAYS
BB_134514632	BB_134514448	CFLOW_ALWAYS
Root_134514640	var_134514640	IS_ANNOTATED_BY
Root_134514640	var_134514640	IS_ANNOTATED_BY
Root_134514640	arg_134514640	IS_ANNOTATED_BY
Root_134514640	arg_134514640	IS_ANNOTATED_BY
Root_134514640	var_134514640	IS_ANNOTATED_BY
Root_134514884	BB_134514884	INTERPRETABLE_AS
Root_134514884	Instr_134514884	INTERPRETABLE_AS
BB_134514884	Instr_134514884	IS_BB_OF
Root_134514891	Instr_134514891	INTERPRETABLE_AS
Instr_134514884	Instr_134514891	IS_NEXT_IN_BB
BB_134514884	Instr_134514891	IS_BB_OF
Root_134514896	Instr_134514896	INTERPRETABLE_AS
Instr_134514891	Instr_134514896	IS_NEXT_IN_BB
BB_134514884	Instr_134514896	IS_BB_OF
Root_134514897	Instr_134514897	INTERPRETABLE_AS
Instr_134514896	Instr_134514897	IS_NEXT_IN_BB
BB_134514884	Instr_134514897	IS_BB_OF
Func_134514640	BB_134514884	IS_FUNC_OF
Root_134514849	BB_134514849	INTERPRETABLE_AS
Root_134514849	Instr_134514849	INTERPRETABLE_AS
BB_134514849	Instr_134514849	IS_BB_OF
Root_134514852	Instr_134514852	INTERPRETABLE_AS
Instr_134514849	Instr_134514852	IS_NEXT_IN_BB
BB_134514849	Instr_134514852	IS_BB_OF
Root_134514859	Instr_134514859	INTERPRETABLE_AS
Instr_134514852	Instr_134514859	IS_NEXT_IN_BB
BB_134514849	Instr_134514859	IS_BB_OF
Root_134514863	Instr_134514863	INTERPRETABLE_AS
Instr_134514859	Instr_134514863	IS_NEXT_IN_BB
BB_134514849	Instr_134514863	IS_BB_OF
Root_134514870	Instr_134514870	INTERPRETABLE_AS
Instr_134514863	Instr_134514870	IS_NEXT_IN_BB
BB_134514849	Instr_134514870	IS_BB_OF
Func_134514640	BB_134514849	IS_FUNC_OF
Root_134514755	BB_134514755	INTERPRETABLE_AS
Root_134514755	Instr_134514755	INTERPRETABLE_AS
BB_134514755	Instr_134514755	IS_BB_OF
Root_134514758	Instr_134514758	INTERPRETABLE_AS
Instr_134514755	Instr_134514758	IS_NEXT_IN_BB
BB_134514755	Instr_134514758	IS_BB_OF
Root_134514761	Instr_134514761	INTERPRETABLE_AS
Instr_134514758	Instr_134514761	IS_NEXT_IN_BB
BB_134514755	Instr_134514761	IS_BB_OF
Root_134514763	Instr_134514763	INTERPRETABLE_AS
Instr_134514761	Instr_134514763	IS_NEXT_IN_BB
BB_134514755	Instr_134514763	IS_BB_OF
Root_134514765	Instr_134514765	INTERPRETABLE_AS
Instr_134514763	Instr_134514765	IS_NEXT_IN_BB
BB_134514755	Instr_134514765	IS_BB_OF
Root_134514767	Instr_134514767	INTERPRETABLE_AS
Instr_134514765	Instr_134514767	IS_NEXT_IN_BB
BB_134514755	Instr_134514767	IS_BB_OF
Root_134514770	Instr_134514770	INTERPRETABLE_AS
Instr_134514767	Instr_134514770	IS_NEXT_IN_BB
BB_134514755	Instr_134514770	IS_BB_OF
Root_134514772	Instr_134514772	INTERPRETABLE_AS
Instr_134514770	Instr_134514772	IS_NEXT_IN_BB
BB_134514755	Instr_134514772	IS_BB_OF
Func_134514640	BB_134514755	IS_FUNC_OF
Root_134514830	BB_134514830	INTERPRETABLE_AS
Root_134514830	Instr_134514830	INTERPRETABLE_AS
BB_134514830	Instr_134514830	IS_BB_OF
Root_134514833	Instr_134514833	INTERPRETABLE_AS
Instr_134514830	Instr_134514833	IS_NEXT_IN_BB
BB_134514830	Instr_134514833	IS_BB_OF
Root_134514836	Instr_134514836	INTERPRETABLE_AS
Instr_134514833	Instr_134514836	IS_NEXT_IN_BB
BB_134514830	Instr_134514836	IS_BB_OF
Root_134514838	Instr_134514838	INTERPRETABLE_AS
Instr_134514836	Instr_134514838	IS_NEXT_IN_BB
BB_134514830	Instr_134514838	IS_BB_OF
Root_134514840	Instr_134514840	INTERPRETABLE_AS
Instr_134514838	Instr_134514840	IS_NEXT_IN_BB
BB_134514830	Instr_134514840	IS_BB_OF
Root_134514842	Instr_134514842	INTERPRETABLE_AS
Instr_134514840	Instr_134514842	IS_NEXT_IN_BB
BB_134514830	Instr_134514842	IS_BB_OF
Root_134514845	Instr_134514845	INTERPRETABLE_AS
Instr_134514842	Instr_134514845	IS_NEXT_IN_BB
BB_134514830	Instr_134514845	IS_BB_OF
Root_134514847	Instr_134514847	INTERPRETABLE_AS
Instr_134514845	Instr_134514847	IS_NEXT_IN_BB
BB_134514830	Instr_134514847	IS_BB_OF
Func_134514640	BB_134514830	IS_FUNC_OF
Root_134514703	BB_134514703	INTERPRETABLE_AS
Root_134514703	Instr_134514703	INTERPRETABLE_AS
BB_134514703	Instr_134514703	IS_BB_OF
Root_134514706	Instr_134514706	INTERPRETABLE_AS
Instr_134514703	Instr_134514706	IS_NEXT_IN_BB
BB_134514703	Instr_134514706	IS_BB_OF
Root_134514711	Instr_134514711	INTERPRETABLE_AS
Instr_134514706	Instr_134514711	IS_NEXT_IN_BB
BB_134514703	Instr_134514711	IS_BB_OF
Root_134514713	Instr_134514713	INTERPRETABLE_AS
Instr_134514711	Instr_134514713	IS_NEXT_IN_BB
BB_134514703	Instr_134514713	IS_BB_OF
Root_134514715	Instr_134514715	INTERPRETABLE_AS
Instr_134514713	Instr_134514715	IS_NEXT_IN_BB
BB_134514703	Instr_134514715	IS_BB_OF
Root_134514717	Instr_134514717	INTERPRETABLE_AS
Instr_134514715	Instr_134514717	IS_NEXT_IN_BB
BB_134514703	Instr_134514717	IS_BB_OF
Root_134514720	Instr_134514720	INTERPRETABLE_AS
Instr_134514717	Instr_134514720	IS_NEXT_IN_BB
BB_134514703	Instr_134514720	IS_BB_OF
Root_134514723	Instr_134514723	INTERPRETABLE_AS
Instr_134514720	Instr_134514723	IS_NEXT_IN_BB
BB_134514703	Instr_134514723	IS_BB_OF
Root_134514728	Instr_134514728	INTERPRETABLE_AS
Instr_134514723	Instr_134514728	IS_NEXT_IN_BB
BB_134514703	Instr_134514728	IS_BB_OF
Root_134514730	Instr_134514730	INTERPRETABLE_AS
Instr_134514728	Instr_134514730	IS_NEXT_IN_BB
BB_134514703	Instr_134514730	IS_BB_OF
Root_134514732	Instr_134514732	INTERPRETABLE_AS
Instr_134514730	Instr_134514732	IS_NEXT_IN_BB
BB_134514703	Instr_134514732	IS_BB_OF
Root_134514734	Instr_134514734	INTERPRETABLE_AS
Instr_134514732	Instr_134514734	IS_NEXT_IN_BB
BB_134514703	Instr_134514734	IS_BB_OF
Func_134514640	BB_134514703	IS_FUNC_OF
Root_134514697	BB_134514697	INTERPRETABLE_AS
Root_134514697	Instr_134514697	INTERPRETABLE_AS
BB_134514697	Instr_134514697	IS_BB_OF
Root_134514701	Instr_134514701	INTERPRETABLE_AS
Instr_134514697	Instr_134514701	IS_NEXT_IN_BB
BB_134514697	Instr_134514701	IS_BB_OF
Func_134514640	BB_134514697	IS_FUNC_OF
Root_134514740	BB_134514740	INTERPRETABLE_AS
Root_134514740	Instr_134514740	INTERPRETABLE_AS
BB_134514740	Instr_134514740	IS_BB_OF
Root_134514744	Instr_134514744	INTERPRETABLE_AS
Instr_134514740	Instr_134514744	IS_NEXT_IN_BB
BB_134514740	Instr_134514744	IS_BB_OF
Func_134514640	BB_134514740	IS_FUNC_OF
Root_134514774	BB_134514774	INTERPRETABLE_AS
Root_134514774	Instr_134514774	INTERPRETABLE_AS
BB_134514774	Instr_134514774	IS_BB_OF
Root_134514777	Instr_134514777	INTERPRETABLE_AS
Instr_134514774	Instr_134514777	IS_NEXT_IN_BB
BB_134514774	Instr_134514777	IS_BB_OF
Root_134514784	Instr_134514784	INTERPRETABLE_AS
Instr_134514777	Instr_134514784	IS_NEXT_IN_BB
BB_134514774	Instr_134514784	IS_BB_OF
Root_134514788	Instr_134514788	INTERPRETABLE_AS
Instr_134514784	Instr_134514788	IS_NEXT_IN_BB
BB_134514774	Instr_134514788	IS_BB_OF
Root_134514795	Instr_134514795	INTERPRETABLE_AS
Instr_134514788	Instr_134514795	IS_NEXT_IN_BB
BB_134514774	Instr_134514795	IS_BB_OF
Func_134514640	BB_134514774	IS_FUNC_OF
Root_134514640	BB_134514640	INTERPRETABLE_AS
Root_134514640	Instr_134514640	INTERPRETABLE_AS
BB_134514640	Instr_134514640	IS_BB_OF
Root_134514641	Instr_134514641	INTERPRETABLE_AS
Instr_134514640	Instr_134514641	IS_NEXT_IN_BB
BB_134514640	Instr_134514641	IS_BB_OF
Root_134514643	Instr_134514643	INTERPRETABLE_AS
Instr_134514641	Instr_134514643	IS_NEXT_IN_BB
BB_134514640	Instr_134514643	IS_BB_OF
Root_134514646	Instr_134514646	INTERPRETABLE_AS
Instr_134514643	Instr_134514646	IS_NEXT_IN_BB
BB_134514640	Instr_134514646	IS_BB_OF
Root_134514653	Instr_134514653	INTERPRETABLE_AS
Instr_134514646	Instr_134514653	IS_NEXT_IN_BB
BB_134514640	Instr_134514653	IS_BB_OF
Func_134514640	BB_134514640	IS_FUNC_OF
Root_134514800	BB_134514800	INTERPRETABLE_AS
Root_134514800	Instr_134514800	INTERPRETABLE_AS
BB_134514800	Instr_134514800	IS_BB_OF
Func_134514640	BB_134514800	IS_FUNC_OF
Root_134514737	BB_134514737	INTERPRETABLE_AS
Root_134514737	Instr_134514737	INTERPRETABLE_AS
BB_134514737	Instr_134514737	IS_BB_OF
Func_134514640	BB_134514737	IS_FUNC_OF
Root_134514803	BB_134514803	INTERPRETABLE_AS
Root_134514803	Instr_134514803	INTERPRETABLE_AS
BB_134514803	Instr_134514803	IS_BB_OF
Root_134514807	Instr_134514807	INTERPRETABLE_AS
Instr_134514803	Instr_134514807	IS_NEXT_IN_BB
BB_134514803	Instr_134514807	IS_BB_OF
Func_134514640	BB_134514803	IS_FUNC_OF
Root_134514878	BB_134514878	INTERPRETABLE_AS
Root_134514878	Instr_134514878	INTERPRETABLE_AS
BB_134514878	Instr_134514878	IS_BB_OF
Root_134514882	Instr_134514882	INTERPRETABLE_AS
Instr_134514878	Instr_134514882	IS_NEXT_IN_BB
BB_134514878	Instr_134514882	IS_BB_OF
Func_134514640	BB_134514878	IS_FUNC_OF
Root_134514655	BB_134514655	INTERPRETABLE_AS
Root_134514655	Instr_134514655	INTERPRETABLE_AS
BB_134514655	Instr_134514655	IS_BB_OF
Root_134514658	Instr_134514658	INTERPRETABLE_AS
Instr_134514655	Instr_134514658	IS_NEXT_IN_BB
BB_134514655	Instr_134514658	IS_BB_OF
Root_134514661	Instr_134514661	INTERPRETABLE_AS
Instr_134514658	Instr_134514661	IS_NEXT_IN_BB
BB_134514655	Instr_134514661	IS_BB_OF
Root_134514663	Instr_134514663	INTERPRETABLE_AS
Instr_134514661	Instr_134514663	IS_NEXT_IN_BB
BB_134514655	Instr_134514663	IS_BB_OF
Root_134514665	Instr_134514665	INTERPRETABLE_AS
Instr_134514663	Instr_134514665	IS_NEXT_IN_BB
BB_134514655	Instr_134514665	IS_BB_OF
Root_134514667	Instr_134514667	INTERPRETABLE_AS
Instr_134514665	Instr_134514667	IS_NEXT_IN_BB
BB_134514655	Instr_134514667	IS_BB_OF
Root_134514670	Instr_134514670	INTERPRETABLE_AS
Instr_134514667	Instr_134514670	IS_NEXT_IN_BB
BB_134514655	Instr_134514670	IS_BB_OF
Root_134514673	Instr_134514673	INTERPRETABLE_AS
Instr_134514670	Instr_134514673	IS_NEXT_IN_BB
BB_134514655	Instr_134514673	IS_BB_OF
Root_134514676	Instr_134514676	INTERPRETABLE_AS
Instr_134514673	Instr_134514676	IS_NEXT_IN_BB
BB_134514655	Instr_134514676	IS_BB_OF
Root_134514679	Instr_134514679	INTERPRETABLE_AS
Instr_134514676	Instr_134514679	IS_NEXT_IN_BB
BB_134514655	Instr_134514679	IS_BB_OF
Root_134514681	Instr_134514681	INTERPRETABLE_AS
Instr_134514679	Instr_134514681	IS_NEXT_IN_BB
BB_134514655	Instr_134514681	IS_BB_OF
Root_134514683	Instr_134514683	INTERPRETABLE_AS
Instr_134514681	Instr_134514683	IS_NEXT_IN_BB
BB_134514655	Instr_134514683	IS_BB_OF
Root_134514685	Instr_134514685	INTERPRETABLE_AS
Instr_134514683	Instr_134514685	IS_NEXT_IN_BB
BB_134514655	Instr_134514685	IS_BB_OF
Root_134514688	Instr_134514688	INTERPRETABLE_AS
Instr_134514685	Instr_134514688	IS_NEXT_IN_BB
BB_134514655	Instr_134514688	IS_BB_OF
Root_134514691	Instr_134514691	INTERPRETABLE_AS
Instr_134514688	Instr_134514691	IS_NEXT_IN_BB
BB_134514655	Instr_134514691	IS_BB_OF
Root_134514695	Instr_134514695	INTERPRETABLE_AS
Instr_134514691	Instr_134514695	IS_NEXT_IN_BB
BB_134514655	Instr_134514695	IS_BB_OF
Func_134514640	BB_134514655	IS_FUNC_OF
Root_134514809	BB_134514809	INTERPRETABLE_AS
Root_134514809	Instr_134514809	INTERPRETABLE_AS
BB_134514809	Instr_134514809	IS_BB_OF
Root_134514816	Instr_134514816	INTERPRETABLE_AS
Instr_134514809	Instr_134514816	IS_NEXT_IN_BB
BB_134514809	Instr_134514816	IS_BB_OF
Root_134514821	Instr_134514821	INTERPRETABLE_AS
Instr_134514816	Instr_134514821	IS_NEXT_IN_BB
BB_134514809	Instr_134514821	IS_BB_OF
Root_134514828	Instr_134514828	INTERPRETABLE_AS
Instr_134514821	Instr_134514828	IS_NEXT_IN_BB
BB_134514809	Instr_134514828	IS_BB_OF
Func_134514640	BB_134514809	IS_FUNC_OF
Root_134514746	BB_134514746	INTERPRETABLE_AS
Root_134514746	Instr_134514746	INTERPRETABLE_AS
BB_134514746	Instr_134514746	IS_BB_OF
Root_134514753	Instr_134514753	INTERPRETABLE_AS
Instr_134514746	Instr_134514753	IS_NEXT_IN_BB
BB_134514746	Instr_134514753	IS_BB_OF
Func_134514640	BB_134514746	IS_FUNC_OF
Root_134514875	BB_134514875	INTERPRETABLE_AS
Root_134514875	Instr_134514875	INTERPRETABLE_AS
BB_134514875	Instr_134514875	IS_BB_OF
Func_134514640	BB_134514875	IS_FUNC_OF
BB_134514640	BB_134514740	CFLOW_ALWAYS
BB_134514655	BB_134514737	CFLOW_TRUE
BB_134514655	BB_134514697	CFLOW_FALSE
BB_134514697	BB_134514737	CFLOW_TRUE
BB_134514697	BB_134514703	CFLOW_FALSE
BB_134514703	BB_134514737	CFLOW_ALWAYS
BB_134514737	BB_134514740	CFLOW_ALWAYS
BB_134514740	BB_134514655	CFLOW_TRUE
BB_134514740	BB_134514746	CFLOW_FALSE
BB_134514746	BB_134514803	CFLOW_ALWAYS
BB_134514755	BB_134514800	CFLOW_TRUE
BB_134514755	BB_134514774	CFLOW_FALSE
BB_134514774	BB_134514800	CFLOW_ALWAYS
BB_134514800	BB_134514803	CFLOW_ALWAYS
BB_134514803	BB_134514755	CFLOW_TRUE
BB_134514803	BB_134514809	CFLOW_FALSE
BB_134514809	BB_134514878	CFLOW_ALWAYS
BB_134514830	BB_134514875	CFLOW_TRUE
BB_134514830	BB_134514849	CFLOW_FALSE
BB_134514849	BB_134514875	CFLOW_ALWAYS
BB_134514875	BB_134514878	CFLOW_ALWAYS
BB_134514878	BB_134514830	CFLOW_TRUE
BB_134514878	BB_134514884	CFLOW_FALSE
Root_134514898	var_134514898	IS_ANNOTATED_BY
Root_134514898	var_134514898	IS_ANNOTATED_BY
Root_134514898	var_134514898	IS_ANNOTATED_BY
Root_134515044	BB_134515044	INTERPRETABLE_AS
Root_134515044	Instr_134515044	INTERPRETABLE_AS
BB_134515044	Instr_134515044	IS_BB_OF
Root_134515047	Instr_134515047	INTERPRETABLE_AS
Instr_134515044	Instr_134515047	IS_NEXT_IN_BB
BB_134515044	Instr_134515047	IS_BB_OF
Root_134515050	Instr_134515050	INTERPRETABLE_AS
Instr_134515047	Instr_134515050	IS_NEXT_IN_BB
BB_134515044	Instr_134515050	IS_BB_OF
Root_134515052	Instr_134515052	INTERPRETABLE_AS
Instr_134515050	Instr_134515052	IS_NEXT_IN_BB
BB_134515044	Instr_134515052	IS_BB_OF
Func_134514898	BB_134515044	IS_FUNC_OF
Root_134514917	BB_134514917	INTERPRETABLE_AS
Root_134514917	Instr_134514917	INTERPRETABLE_AS
BB_134514917	Instr_134514917	IS_BB_OF
Root_134514924	Instr_134514924	INTERPRETABLE_AS
Instr_134514917	Instr_134514924	IS_NEXT_IN_BB
BB_134514917	Instr_134514924	IS_BB_OF
Root_134514931	Instr_134514931	INTERPRETABLE_AS
Instr_134514924	Instr_134514931	IS_NEXT_IN_BB
BB_134514917	Instr_134514931	IS_BB_OF
Func_134514898	BB_134514917	IS_FUNC_OF
Root_134514988	BB_134514988	INTERPRETABLE_AS
Root_134514988	Instr_134514988	INTERPRETABLE_AS
BB_134514988	Instr_134514988	IS_BB_OF
Root_134514992	Instr_134514992	INTERPRETABLE_AS
Instr_134514988	Instr_134514992	IS_NEXT_IN_BB
BB_134514988	Instr_134514992	IS_BB_OF
Root_134514995	Instr_134514995	INTERPRETABLE_AS
Instr_134514992	Instr_134514995	IS_NEXT_IN_BB
BB_134514988	Instr_134514995	IS_BB_OF
Root_134515002	Instr_134515002	INTERPRETABLE_AS
Instr_134514995	Instr_134515002	IS_NEXT_IN_BB
BB_134514988	Instr_134515002	IS_BB_OF
Root_134515005	Instr_134515005	INTERPRETABLE_AS
Instr_134515002	Instr_134515005	IS_NEXT_IN_BB
BB_134514988	Instr_134515005	IS_BB_OF
Root_134515009	Instr_134515009	INTERPRETABLE_AS
Instr_134515005	Instr_134515009	IS_NEXT_IN_BB
BB_134514988	Instr_134515009	IS_BB_OF
Root_134515012	Instr_134515012	INTERPRETABLE_AS
Instr_134515009	Instr_134515012	IS_NEXT_IN_BB
BB_134514988	Instr_134515012	IS_BB_OF
Root_134515017	Instr_134515017	INTERPRETABLE_AS
Instr_134515012	Instr_134515017	IS_NEXT_IN_BB
BB_134514988	Instr_134515017	IS_BB_OF
Func_134514898	BB_134514988	IS_FUNC_OF
Root_134515054	BB_134515054	INTERPRETABLE_AS
Root_134515054	Instr_134515054	INTERPRETABLE_AS
BB_134515054	Instr_134515054	IS_BB_OF
Root_134515061	Instr_134515061	INTERPRETABLE_AS
Instr_134515054	Instr_134515061	IS_NEXT_IN_BB
BB_134515054	Instr_134515061	IS_BB_OF
Func_134514898	BB_134515054	IS_FUNC_OF
Root_134514952	BB_134514952	INTERPRETABLE_AS
Root_134514952	Instr_134514952	INTERPRETABLE_AS
BB_134514952	Instr_134514952	IS_BB_OF
Root_134514955	Instr_134514955	INTERPRETABLE_AS
Instr_134514952	Instr_134514955	IS_NEXT_IN_BB
BB_134514952	Instr_134514955	IS_BB_OF
Root_134514962	Instr_134514962	INTERPRETABLE_AS
Instr_134514955	Instr_134514962	IS_NEXT_IN_BB
BB_134514952	Instr_134514962	IS_BB_OF
Func_134514898	BB_134514952	IS_FUNC_OF
Root_134515019	BB_134515019	INTERPRETABLE_AS
Root_134515019	Instr_134515019	INTERPRETABLE_AS
BB_134515019	Instr_134515019	IS_BB_OF
Root_134515022	Instr_134515022	INTERPRETABLE_AS
Instr_134515019	Instr_134515022	IS_NEXT_IN_BB
BB_134515019	Instr_134515022	IS_BB_OF
Root_134515025	Instr_134515025	INTERPRETABLE_AS
Instr_134515022	Instr_134515025	IS_NEXT_IN_BB
BB_134515019	Instr_134515025	IS_BB_OF
Root_134515032	Instr_134515032	INTERPRETABLE_AS
Instr_134515025	Instr_134515032	IS_NEXT_IN_BB
BB_134515019	Instr_134515032	IS_BB_OF
Func_134514898	BB_134515019	IS_FUNC_OF
Root_134514933	BB_134514933	INTERPRETABLE_AS
Root_134514933	Instr_134514933	INTERPRETABLE_AS
BB_134514933	Instr_134514933	IS_BB_OF
Root_134514936	Instr_134514936	INTERPRETABLE_AS
Instr_134514933	Instr_134514936	IS_NEXT_IN_BB
BB_134514933	Instr_134514936	IS_BB_OF
Root_134514939	Instr_134514939	INTERPRETABLE_AS
Instr_134514936	Instr_134514939	IS_NEXT_IN_BB
BB_134514933	Instr_134514939	IS_BB_OF
Root_134514941	Instr_134514941	INTERPRETABLE_AS
Instr_134514939	Instr_134514941	IS_NEXT_IN_BB
BB_134514933	Instr_134514941	IS_BB_OF
Root_134514943	Instr_134514943	INTERPRETABLE_AS
Instr_134514941	Instr_134514943	IS_NEXT_IN_BB
BB_134514933	Instr_134514943	IS_BB_OF
Root_134514945	Instr_134514945	INTERPRETABLE_AS
Instr_134514943	Instr_134514945	IS_NEXT_IN_BB
BB_134514933	Instr_134514945	IS_BB_OF
Root_134514948	Instr_134514948	INTERPRETABLE_AS
Instr_134514945	Instr_134514948	IS_NEXT_IN_BB
BB_134514933	Instr_134514948	IS_BB_OF
Root_134514950	Instr_134514950	INTERPRETABLE_AS
Instr_134514948	Instr_134514950	IS_NEXT_IN_BB
BB_134514933	Instr_134514950	IS_BB_OF
Func_134514898	BB_134514933	IS_FUNC_OF
Root_134514965	BB_134514965	INTERPRETABLE_AS
Root_134514965	Instr_134514965	INTERPRETABLE_AS
BB_134514965	Instr_134514965	IS_BB_OF
Func_134514898	BB_134514965	IS_FUNC_OF
Root_134514898	BB_134514898	INTERPRETABLE_AS
Root_134514898	Instr_134514898	INTERPRETABLE_AS
BB_134514898	Instr_134514898	IS_BB_OF
Root_134514899	Instr_134514899	INTERPRETABLE_AS
Instr_134514898	Instr_134514899	IS_NEXT_IN_BB
BB_134514898	Instr_134514899	IS_BB_OF
Root_134514901	Instr_134514901	INTERPRETABLE_AS
Instr_134514899	Instr_134514901	IS_NEXT_IN_BB
BB_134514898	Instr_134514901	IS_BB_OF
Root_134514904	Instr_134514904	INTERPRETABLE_AS
Instr_134514901	Instr_134514904	IS_NEXT_IN_BB
BB_134514898	Instr_134514904	IS_BB_OF
Root_134514908	Instr_134514908	INTERPRETABLE_AS
Instr_134514904	Instr_134514908	IS_NEXT_IN_BB
BB_134514898	Instr_134514908	IS_BB_OF
Root_134514915	Instr_134514915	INTERPRETABLE_AS
Instr_134514908	Instr_134514915	IS_NEXT_IN_BB
BB_134514898	Instr_134514915	IS_BB_OF
Func_134514898	BB_134514898	IS_FUNC_OF
Root_134514974	BB_134514974	INTERPRETABLE_AS
Root_134514974	Instr_134514974	INTERPRETABLE_AS
BB_134514974	Instr_134514974	IS_BB_OF
Root_134514977	Instr_134514977	INTERPRETABLE_AS
Instr_134514974	Instr_134514977	IS_NEXT_IN_BB
BB_134514974	Instr_134514977	IS_BB_OF
Root_134514984	Instr_134514984	INTERPRETABLE_AS
Instr_134514977	Instr_134514984	IS_NEXT_IN_BB
BB_134514974	Instr_134514984	IS_BB_OF
Root_134514986	Instr_134514986	INTERPRETABLE_AS
Instr_134514984	Instr_134514986	IS_NEXT_IN_BB
BB_134514974	Instr_134514986	IS_BB_OF
Func_134514898	BB_134514974	IS_FUNC_OF
Root_134514968	BB_134514968	INTERPRETABLE_AS
Root_134514968	Instr_134514968	INTERPRETABLE_AS
BB_134514968	Instr_134514968	IS_BB_OF
Root_134514972	Instr_134514972	INTERPRETABLE_AS
Instr_134514968	Instr_134514972	IS_NEXT_IN_BB
BB_134514968	Instr_134514972	IS_BB_OF
Func_134514898	BB_134514968	IS_FUNC_OF
Root_134515066	BB_134515066	INTERPRETABLE_AS
Root_134515066	Instr_134515066	INTERPRETABLE_AS
BB_134515066	Instr_134515066	IS_BB_OF
Root_134515067	Instr_134515067	INTERPRETABLE_AS
Instr_134515066	Instr_134515067	IS_NEXT_IN_BB
BB_134515066	Instr_134515067	IS_BB_OF
Func_134514898	BB_134515066	IS_FUNC_OF
Root_134515035	BB_134515035	INTERPRETABLE_AS
Root_134515035	Instr_134515035	INTERPRETABLE_AS
BB_134515035	Instr_134515035	IS_BB_OF
Root_134515042	Instr_134515042	INTERPRETABLE_AS
Instr_134515035	Instr_134515042	IS_NEXT_IN_BB
BB_134515035	Instr_134515042	IS_BB_OF
Func_134514898	BB_134515035	IS_FUNC_OF
BB_134514898	BB_134515035	CFLOW_ALWAYS
BB_134514917	BB_134514968	CFLOW_ALWAYS
BB_134514933	BB_134514965	CFLOW_TRUE
BB_134514933	BB_134514952	CFLOW_FALSE
BB_134514952	BB_134514965	CFLOW_ALWAYS
BB_134514965	BB_134514968	CFLOW_ALWAYS
BB_134514968	BB_134514933	CFLOW_TRUE
BB_134514968	BB_134514974	CFLOW_FALSE
BB_134514974	BB_134515019	CFLOW_TRUE
BB_134514974	BB_134514988	CFLOW_FALSE
BB_134514988	BB_134515044	CFLOW_ALWAYS
BB_134515019	BB_134515035	CFLOW_ALWAYS
BB_134515035	BB_134514917	CFLOW_TRUE
BB_134515035	BB_134515044	CFLOW_FALSE
BB_134515044	BB_134515066	CFLOW_TRUE
BB_134515044	BB_134515054	CFLOW_FALSE
BB_134515054	BB_134515066	CFLOW_ALWAYS
Root_134515068	var_134515068	IS_ANNOTATED_BY
Root_134515068	var_134515068	IS_ANNOTATED_BY
Root_134515068	var_134515068	IS_ANNOTATED_BY
Root_134515068	var_134515068	IS_ANNOTATED_BY
Root_134515140	BB_134515140	INTERPRETABLE_AS
Root_134515140	Instr_134515140	INTERPRETABLE_AS
BB_134515140	Instr_134515140	IS_BB_OF
Root_134515144	Instr_134515144	INTERPRETABLE_AS
Instr_134515140	Instr_134515144	IS_NEXT_IN_BB
BB_134515140	Instr_134515144	IS_BB_OF
Root_134515147	Instr_134515147	INTERPRETABLE_AS
Instr_134515144	Instr_134515147	IS_NEXT_IN_BB
BB_134515140	Instr_134515147	IS_BB_OF
Root_134515152	Instr_134515152	INTERPRETABLE_AS
Instr_134515147	Instr_134515152	IS_NEXT_IN_BB
BB_134515140	Instr_134515152	IS_BB_OF
Root_134515156	Instr_134515156	INTERPRETABLE_AS
Instr_134515152	Instr_134515156	IS_NEXT_IN_BB
BB_134515140	Instr_134515156	IS_BB_OF
Root_134515163	Instr_134515163	INTERPRETABLE_AS
Instr_134515156	Instr_134515163	IS_NEXT_IN_BB
BB_134515140	Instr_134515163	IS_BB_OF
Root_134515168	Instr_134515168	INTERPRETABLE_AS
Instr_134515163	Instr_134515168	IS_NEXT_IN_BB
BB_134515140	Instr_134515168	IS_BB_OF
Func_134515068	BB_134515140	IS_FUNC_OF
Root_134515172	BB_134515172	INTERPRETABLE_AS
Root_134515172	Instr_134515172	INTERPRETABLE_AS
BB_134515172	Instr_134515172	IS_BB_OF
Root_134515176	Instr_134515176	INTERPRETABLE_AS
Instr_134515172	Instr_134515176	IS_NEXT_IN_BB
BB_134515172	Instr_134515176	IS_BB_OF
Root_134515180	Instr_134515180	INTERPRETABLE_AS
Instr_134515176	Instr_134515180	IS_NEXT_IN_BB
BB_134515172	Instr_134515180	IS_BB_OF
Func_134515068	BB_134515172	IS_FUNC_OF
Root_134515269	BB_134515269	INTERPRETABLE_AS
Root_134515269	Instr_134515269	INTERPRETABLE_AS
BB_134515269	Instr_134515269	IS_BB_OF
Root_134515270	Instr_134515270	INTERPRETABLE_AS
Instr_134515269	Instr_134515270	IS_NEXT_IN_BB
BB_134515269	Instr_134515270	IS_BB_OF
Func_134515068	BB_134515269	IS_FUNC_OF
Root_134515110	BB_134515110	INTERPRETABLE_AS
Root_134515110	Instr_134515110	INTERPRETABLE_AS
BB_134515110	Instr_134515110	IS_BB_OF
Root_134515114	Instr_134515114	INTERPRETABLE_AS
Instr_134515110	Instr_134515114	IS_NEXT_IN_BB
BB_134515110	Instr_134515114	IS_BB_OF
Root_134515118	Instr_134515118	INTERPRETABLE_AS
Instr_134515114	Instr_134515118	IS_NEXT_IN_BB
BB_134515110	Instr_134515118	IS_BB_OF
Root_134515125	Instr_134515125	INTERPRETABLE_AS
Instr_134515118	Instr_134515125	IS_NEXT_IN_BB
BB_134515110	Instr_134515125	IS_BB_OF
Root_134515130	Instr_134515130	INTERPRETABLE_AS
Instr_134515125	Instr_134515130	IS_NEXT_IN_BB
BB_134515110	Instr_134515130	IS_BB_OF
Root_134515138	Instr_134515138	INTERPRETABLE_AS
Instr_134515130	Instr_134515138	IS_NEXT_IN_BB
BB_134515110	Instr_134515138	IS_BB_OF
Func_134515068	BB_134515110	IS_FUNC_OF
Root_134515254	BB_134515254	INTERPRETABLE_AS
Root_134515254	Instr_134515254	INTERPRETABLE_AS
BB_134515254	Instr_134515254	IS_BB_OF
Root_134515259	Instr_134515259	INTERPRETABLE_AS
Instr_134515254	Instr_134515259	IS_NEXT_IN_BB
BB_134515254	Instr_134515259	IS_BB_OF
Func_134515068	BB_134515254	IS_FUNC_OF
Root_134515068	BB_134515068	INTERPRETABLE_AS
Root_134515068	Instr_134515068	INTERPRETABLE_AS
BB_134515068	Instr_134515068	IS_BB_OF
Root_134515069	Instr_134515069	INTERPRETABLE_AS
Instr_134515068	Instr_134515069	IS_NEXT_IN_BB
BB_134515068	Instr_134515069	IS_BB_OF
Root_134515071	Instr_134515071	INTERPRETABLE_AS
Instr_134515069	Instr_134515071	IS_NEXT_IN_BB
BB_134515068	Instr_134515071	IS_BB_OF
Root_134515074	Instr_134515074	INTERPRETABLE_AS
Instr_134515071	Instr_134515074	IS_NEXT_IN_BB
BB_134515068	Instr_134515074	IS_BB_OF
Root_134515077	Instr_134515077	INTERPRETABLE_AS
Instr_134515074	Instr_134515077	IS_NEXT_IN_BB
BB_134515068	Instr_134515077	IS_BB_OF
Root_134515081	Instr_134515081	INTERPRETABLE_AS
Instr_134515077	Instr_134515081	IS_NEXT_IN_BB
BB_134515068	Instr_134515081	IS_BB_OF
Root_134515085	Instr_134515085	INTERPRETABLE_AS
Instr_134515081	Instr_134515085	IS_NEXT_IN_BB
BB_134515068	Instr_134515085	IS_BB_OF
Root_134515092	Instr_134515092	INTERPRETABLE_AS
Instr_134515085	Instr_134515092	IS_NEXT_IN_BB
BB_134515068	Instr_134515092	IS_BB_OF
Root_134515097	Instr_134515097	INTERPRETABLE_AS
Instr_134515092	Instr_134515097	IS_NEXT_IN_BB
BB_134515068	Instr_134515097	IS_BB_OF
Root_134515105	Instr_134515105	INTERPRETABLE_AS
Instr_134515097	Instr_134515105	IS_NEXT_IN_BB
BB_134515068	Instr_134515105	IS_BB_OF
Func_134515068	BB_134515068	IS_FUNC_OF
Root_134515182	BB_134515182	INTERPRETABLE_AS
Root_134515182	Instr_134515182	INTERPRETABLE_AS
BB_134515182	Instr_134515182	IS_BB_OF
Root_134515186	Instr_134515186	INTERPRETABLE_AS
Instr_134515182	Instr_134515186	IS_NEXT_IN_BB
BB_134515182	Instr_134515186	IS_BB_OF
Root_134515187	Instr_134515187	INTERPRETABLE_AS
Instr_134515186	Instr_134515187	IS_NEXT_IN_BB
BB_134515182	Instr_134515187	IS_BB_OF
Root_134515191	Instr_134515191	INTERPRETABLE_AS
Instr_134515187	Instr_134515191	IS_NEXT_IN_BB
BB_134515182	Instr_134515191	IS_BB_OF
Root_134515198	Instr_134515198	INTERPRETABLE_AS
Instr_134515191	Instr_134515198	IS_NEXT_IN_BB
BB_134515182	Instr_134515198	IS_BB_OF
Root_134515203	Instr_134515203	INTERPRETABLE_AS
Instr_134515198	Instr_134515203	IS_NEXT_IN_BB
BB_134515182	Instr_134515203	IS_BB_OF
Root_134515211	Instr_134515211	INTERPRETABLE_AS
Instr_134515203	Instr_134515211	IS_NEXT_IN_BB
BB_134515182	Instr_134515211	IS_BB_OF
Root_134515219	Instr_134515219	INTERPRETABLE_AS
Instr_134515211	Instr_134515219	IS_NEXT_IN_BB
BB_134515182	Instr_134515219	IS_BB_OF
Root_134515226	Instr_134515226	INTERPRETABLE_AS
Instr_134515219	Instr_134515226	IS_NEXT_IN_BB
BB_134515182	Instr_134515226	IS_BB_OF
Root_134515231	Instr_134515231	INTERPRETABLE_AS
Instr_134515226	Instr_134515231	IS_NEXT_IN_BB
BB_134515182	Instr_134515231	IS_BB_OF
Root_134515236	Instr_134515236	INTERPRETABLE_AS
Instr_134515231	Instr_134515236	IS_NEXT_IN_BB
BB_134515182	Instr_134515236	IS_BB_OF
Func_134515068	BB_134515182	IS_FUNC_OF
Root_134515240	BB_134515240	INTERPRETABLE_AS
Root_134515240	Instr_134515240	INTERPRETABLE_AS
BB_134515240	Instr_134515240	IS_BB_OF
Root_134515244	Instr_134515244	INTERPRETABLE_AS
Instr_134515240	Instr_134515244	IS_NEXT_IN_BB
BB_134515240	Instr_134515244	IS_BB_OF
Root_134515248	Instr_134515248	INTERPRETABLE_AS
Instr_134515244	Instr_134515248	IS_NEXT_IN_BB
BB_134515240	Instr_134515248	IS_BB_OF
Func_134515068	BB_134515240	IS_FUNC_OF
BB_134515068	BB_134515240	CFLOW_ALWAYS
BB_134515110	BB_134515172	CFLOW_ALWAYS
BB_134515140	BB_134515172	CFLOW_ALWAYS
BB_134515172	BB_134515140	CFLOW_TRUE
BB_134515172	BB_134515182	CFLOW_FALSE
BB_134515182	BB_134515240	CFLOW_ALWAYS
BB_134515240	BB_134515110	CFLOW_TRUE
BB_134515240	BB_134515254	CFLOW_FALSE
BB_134515254	BB_134515269	CFLOW_ALWAYS
Root_134515271	arg_134515271	IS_ANNOTATED_BY
Root_134515271	arg_134515271	IS_ANNOTATED_BY
Root_134515271	var_134515271	IS_ANNOTATED_BY
Root_134515271	var_134515271	IS_ANNOTATED_BY
Root_134515332	BB_134515332	INTERPRETABLE_AS
Root_134515332	Instr_134515332	INTERPRETABLE_AS
BB_134515332	Instr_134515332	IS_BB_OF
Root_134515333	Instr_134515333	INTERPRETABLE_AS
Instr_134515332	Instr_134515333	IS_NEXT_IN_BB
BB_134515332	Instr_134515333	IS_BB_OF
Func_134515271	BB_134515332	IS_FUNC_OF
Root_134515271	BB_134515271	INTERPRETABLE_AS
Root_134515271	Instr_134515271	INTERPRETABLE_AS
BB_134515271	Instr_134515271	IS_BB_OF
Root_134515272	Instr_134515272	INTERPRETABLE_AS
Instr_134515271	Instr_134515272	IS_NEXT_IN_BB
BB_134515271	Instr_134515272	IS_BB_OF
Root_134515274	Instr_134515274	INTERPRETABLE_AS
Instr_134515272	Instr_134515274	IS_NEXT_IN_BB
BB_134515271	Instr_134515274	IS_BB_OF
Root_134515277	Instr_134515277	INTERPRETABLE_AS
Instr_134515274	Instr_134515277	IS_NEXT_IN_BB
BB_134515271	Instr_134515277	IS_BB_OF
Root_134515281	Instr_134515281	INTERPRETABLE_AS
Instr_134515277	Instr_134515281	IS_NEXT_IN_BB
BB_134515271	Instr_134515281	IS_BB_OF
Func_134515271	BB_134515271	IS_FUNC_OF
Root_134515283	BB_134515283	INTERPRETABLE_AS
Root_134515283	Instr_134515283	INTERPRETABLE_AS
BB_134515283	Instr_134515283	IS_BB_OF
Root_134515290	Instr_134515290	INTERPRETABLE_AS
Instr_134515283	Instr_134515290	IS_NEXT_IN_BB
BB_134515283	Instr_134515290	IS_BB_OF
Func_134515271	BB_134515283	IS_FUNC_OF
Root_134515292	BB_134515292	INTERPRETABLE_AS
Root_134515292	Instr_134515292	INTERPRETABLE_AS
BB_134515292	Instr_134515292	IS_BB_OF
Root_134515299	Instr_134515299	INTERPRETABLE_AS
Instr_134515292	Instr_134515299	IS_NEXT_IN_BB
BB_134515292	Instr_134515299	IS_BB_OF
Root_134515304	Instr_134515304	INTERPRETABLE_AS
Instr_134515299	Instr_134515304	IS_NEXT_IN_BB
BB_134515292	Instr_134515304	IS_BB_OF
Root_134515312	Instr_134515312	INTERPRETABLE_AS
Instr_134515304	Instr_134515312	IS_NEXT_IN_BB
BB_134515292	Instr_134515312	IS_BB_OF
Root_134515320	Instr_134515320	INTERPRETABLE_AS
Instr_134515312	Instr_134515320	IS_NEXT_IN_BB
BB_134515292	Instr_134515320	IS_BB_OF
Root_134515327	Instr_134515327	INTERPRETABLE_AS
Instr_134515320	Instr_134515327	IS_NEXT_IN_BB
BB_134515292	Instr_134515327	IS_BB_OF
Func_134515271	BB_134515292	IS_FUNC_OF
BB_134515271	BB_134515332	CFLOW_TRUE
BB_134515271	BB_134515283	CFLOW_FALSE
BB_134515283	BB_134515332	CFLOW_TRUE
BB_134515283	BB_134515292	CFLOW_FALSE
BB_134515292	BB_134515332	CFLOW_ALWAYS
Root_134515334	var_134515334	IS_ANNOTATED_BY
Root_134515334	BB_134515334	INTERPRETABLE_AS
Root_134515334	Instr_134515334	INTERPRETABLE_AS
BB_134515334	Instr_134515334	IS_BB_OF
Root_134515335	Instr_134515335	INTERPRETABLE_AS
Instr_134515334	Instr_134515335	IS_NEXT_IN_BB
BB_134515334	Instr_134515335	IS_BB_OF
Root_134515337	Instr_134515337	INTERPRETABLE_AS
Instr_134515335	Instr_134515337	IS_NEXT_IN_BB
BB_134515334	Instr_134515337	IS_BB_OF
Root_134515340	Instr_134515340	INTERPRETABLE_AS
Instr_134515337	Instr_134515340	IS_NEXT_IN_BB
BB_134515334	Instr_134515340	IS_BB_OF
Root_134515348	Instr_134515348	INTERPRETABLE_AS
Instr_134515340	Instr_134515348	IS_NEXT_IN_BB
BB_134515334	Instr_134515348	IS_BB_OF
Root_134515355	Instr_134515355	INTERPRETABLE_AS
Instr_134515348	Instr_134515355	IS_NEXT_IN_BB
BB_134515334	Instr_134515355	IS_BB_OF
Root_134515360	Instr_134515360	INTERPRETABLE_AS
Instr_134515355	Instr_134515360	IS_NEXT_IN_BB
BB_134515334	Instr_134515360	IS_BB_OF
Root_134515361	Instr_134515361	INTERPRETABLE_AS
Instr_134515360	Instr_134515361	IS_NEXT_IN_BB
BB_134515334	Instr_134515361	IS_BB_OF
Func_134515334	BB_134515334	IS_FUNC_OF
Root_134515376	BB_134515376	INTERPRETABLE_AS
Root_134515376	Instr_134515376	INTERPRETABLE_AS
BB_134515376	Instr_134515376	IS_BB_OF
Root_134515377	Instr_134515377	INTERPRETABLE_AS
Instr_134515376	Instr_134515377	IS_NEXT_IN_BB
BB_134515376	Instr_134515377	IS_BB_OF
Root_134515379	Instr_134515379	INTERPRETABLE_AS
Instr_134515377	Instr_134515379	IS_NEXT_IN_BB
BB_134515376	Instr_134515379	IS_BB_OF
Root_134515380	Instr_134515380	INTERPRETABLE_AS
Instr_134515379	Instr_134515380	IS_NEXT_IN_BB
BB_134515376	Instr_134515380	IS_BB_OF
Func_134515376	BB_134515376	IS_FUNC_OF
Root_134515392	arg_134515392	IS_ANNOTATED_BY
Root_134515392	arg_134515392	IS_ANNOTATED_BY
Root_134515392	arg_134515392	IS_ANNOTATED_BY
Root_134515392	var_134515392	IS_ANNOTATED_BY
Root_134515392	var_134515392	IS_ANNOTATED_BY
Root_134515392	BB_134515392	INTERPRETABLE_AS
Root_134515392	Instr_134515392	INTERPRETABLE_AS
BB_134515392	Instr_134515392	IS_BB_OF
Root_134515393	Instr_134515393	INTERPRETABLE_AS
Instr_134515392	Instr_134515393	IS_NEXT_IN_BB
BB_134515392	Instr_134515393	IS_BB_OF
Root_134515395	Instr_134515395	INTERPRETABLE_AS
Instr_134515393	Instr_134515395	IS_NEXT_IN_BB
BB_134515392	Instr_134515395	IS_BB_OF
Root_134515396	Instr_134515396	INTERPRETABLE_AS
Instr_134515395	Instr_134515396	IS_NEXT_IN_BB
BB_134515392	Instr_134515396	IS_BB_OF
Root_134515397	Instr_134515397	INTERPRETABLE_AS
Instr_134515396	Instr_134515397	IS_NEXT_IN_BB
BB_134515392	Instr_134515397	IS_BB_OF
Root_134515398	Instr_134515398	INTERPRETABLE_AS
Instr_134515397	Instr_134515398	IS_NEXT_IN_BB
BB_134515392	Instr_134515398	IS_BB_OF
Root_134515403	Instr_134515403	INTERPRETABLE_AS
Instr_134515398	Instr_134515403	IS_NEXT_IN_BB
BB_134515392	Instr_134515403	IS_BB_OF
Root_134515409	Instr_134515409	INTERPRETABLE_AS
Instr_134515403	Instr_134515409	IS_NEXT_IN_BB
BB_134515392	Instr_134515409	IS_BB_OF
Root_134515412	Instr_134515412	INTERPRETABLE_AS
Instr_134515409	Instr_134515412	IS_NEXT_IN_BB
BB_134515392	Instr_134515412	IS_BB_OF
Root_134515417	Instr_134515417	INTERPRETABLE_AS
Instr_134515412	Instr_134515417	IS_NEXT_IN_BB
BB_134515392	Instr_134515417	IS_BB_OF
Root_134515423	Instr_134515423	INTERPRETABLE_AS
Instr_134515417	Instr_134515423	IS_NEXT_IN_BB
BB_134515392	Instr_134515423	IS_BB_OF
Root_134515429	Instr_134515429	INTERPRETABLE_AS
Instr_134515423	Instr_134515429	IS_NEXT_IN_BB
BB_134515392	Instr_134515429	IS_BB_OF
Root_134515431	Instr_134515431	INTERPRETABLE_AS
Instr_134515429	Instr_134515431	IS_NEXT_IN_BB
BB_134515392	Instr_134515431	IS_BB_OF
Root_134515434	Instr_134515434	INTERPRETABLE_AS
Instr_134515431	Instr_134515434	IS_NEXT_IN_BB
BB_134515392	Instr_134515434	IS_BB_OF
Root_134515436	Instr_134515436	INTERPRETABLE_AS
Instr_134515434	Instr_134515436	IS_NEXT_IN_BB
BB_134515392	Instr_134515436	IS_BB_OF
Func_134515392	BB_134515392	IS_FUNC_OF
Root_134515440	BB_134515440	INTERPRETABLE_AS
Root_134515440	Instr_134515440	INTERPRETABLE_AS
BB_134515440	Instr_134515440	IS_BB_OF
Root_134515443	Instr_134515443	INTERPRETABLE_AS
Instr_134515440	Instr_134515443	IS_NEXT_IN_BB
BB_134515440	Instr_134515443	IS_BB_OF
Root_134515447	Instr_134515447	INTERPRETABLE_AS
Instr_134515443	Instr_134515447	IS_NEXT_IN_BB
BB_134515440	Instr_134515447	IS_BB_OF
Root_134515450	Instr_134515450	INTERPRETABLE_AS
Instr_134515447	Instr_134515450	IS_NEXT_IN_BB
BB_134515440	Instr_134515450	IS_BB_OF
Root_134515454	Instr_134515454	INTERPRETABLE_AS
Instr_134515450	Instr_134515454	IS_NEXT_IN_BB
BB_134515440	Instr_134515454	IS_BB_OF
Root_134515457	Instr_134515457	INTERPRETABLE_AS
Instr_134515454	Instr_134515457	IS_NEXT_IN_BB
BB_134515440	Instr_134515457	IS_BB_OF
Root_134515460	Instr_134515460	INTERPRETABLE_AS
Instr_134515457	Instr_134515460	IS_NEXT_IN_BB
BB_134515440	Instr_134515460	IS_BB_OF
Root_134515467	Instr_134515467	INTERPRETABLE_AS
Instr_134515460	Instr_134515467	IS_NEXT_IN_BB
BB_134515440	Instr_134515467	IS_BB_OF
Root_134515470	Instr_134515470	INTERPRETABLE_AS
Instr_134515467	Instr_134515470	IS_NEXT_IN_BB
BB_134515440	Instr_134515470	IS_BB_OF
Root_134515472	Instr_134515472	INTERPRETABLE_AS
Instr_134515470	Instr_134515472	IS_NEXT_IN_BB
BB_134515440	Instr_134515472	IS_BB_OF
Func_134515392	BB_134515440	IS_FUNC_OF
Root_134515474	BB_134515474	INTERPRETABLE_AS
Root_134515474	Instr_134515474	INTERPRETABLE_AS
BB_134515474	Instr_134515474	IS_BB_OF
Root_134515477	Instr_134515477	INTERPRETABLE_AS
Instr_134515474	Instr_134515477	IS_NEXT_IN_BB
BB_134515474	Instr_134515477	IS_BB_OF
Root_134515478	Instr_134515478	INTERPRETABLE_AS
Instr_134515477	Instr_134515478	IS_NEXT_IN_BB
BB_134515474	Instr_134515478	IS_BB_OF
Root_134515479	Instr_134515479	INTERPRETABLE_AS
Instr_134515478	Instr_134515479	IS_NEXT_IN_BB
BB_134515474	Instr_134515479	IS_BB_OF
Root_134515480	Instr_134515480	INTERPRETABLE_AS
Instr_134515479	Instr_134515480	IS_NEXT_IN_BB
BB_134515474	Instr_134515480	IS_BB_OF
Root_134515481	Instr_134515481	INTERPRETABLE_AS
Instr_134515480	Instr_134515481	IS_NEXT_IN_BB
BB_134515474	Instr_134515481	IS_BB_OF
Func_134515392	BB_134515474	IS_FUNC_OF
Root_134515438	BB_134515438	INTERPRETABLE_AS
Root_134515438	Instr_134515438	INTERPRETABLE_AS
BB_134515438	Instr_134515438	IS_BB_OF
Func_134515392	BB_134515438	IS_FUNC_OF
BB_134515392	BB_134515474	CFLOW_TRUE
BB_134515392	BB_134515438	CFLOW_FALSE
BB_134515438	BB_134515440	CFLOW_ALWAYS
BB_134515440	BB_134515440	CFLOW_TRUE
BB_134515440	BB_134515474	CFLOW_FALSE
Root_134515482	BB_134515482	INTERPRETABLE_AS
Root_134515482	Instr_134515482	INTERPRETABLE_AS
BB_134515482	Instr_134515482	IS_BB_OF
Root_134515485	Instr_134515485	INTERPRETABLE_AS
Instr_134515482	Instr_134515485	IS_NEXT_IN_BB
BB_134515482	Instr_134515485	IS_BB_OF
Func_134515482	BB_134515482	IS_FUNC_OF
Root_134515508	BB_134515508	INTERPRETABLE_AS
Root_134515508	Instr_134515508	INTERPRETABLE_AS
BB_134515508	Instr_134515508	IS_BB_OF
Func_134515488	BB_134515508	IS_FUNC_OF
Root_134515524	BB_134515524	INTERPRETABLE_AS
Root_134515524	Instr_134515524	INTERPRETABLE_AS
BB_134515524	Instr_134515524	IS_BB_OF
Root_134515525	Instr_134515525	INTERPRETABLE_AS
Instr_134515524	Instr_134515525	IS_NEXT_IN_BB
BB_134515524	Instr_134515525	IS_BB_OF
Root_134515526	Instr_134515526	INTERPRETABLE_AS
Instr_134515525	Instr_134515526	IS_NEXT_IN_BB
BB_134515524	Instr_134515526	IS_BB_OF
Root_134515527	Instr_134515527	INTERPRETABLE_AS
Instr_134515526	Instr_134515527	IS_NEXT_IN_BB
BB_134515524	Instr_134515527	IS_BB_OF
Func_134515488	BB_134515524	IS_FUNC_OF
Root_134515488	BB_134515488	INTERPRETABLE_AS
Root_134515488	Instr_134515488	INTERPRETABLE_AS
BB_134515488	Instr_134515488	IS_BB_OF
Root_134515489	Instr_134515489	INTERPRETABLE_AS
Instr_134515488	Instr_134515489	IS_NEXT_IN_BB
BB_134515488	Instr_134515489	IS_BB_OF
Root_134515491	Instr_134515491	INTERPRETABLE_AS
Instr_134515489	Instr_134515491	IS_NEXT_IN_BB
BB_134515488	Instr_134515491	IS_BB_OF
Root_134515492	Instr_134515492	INTERPRETABLE_AS
Instr_134515491	Instr_134515492	IS_NEXT_IN_BB
BB_134515488	Instr_134515492	IS_BB_OF
Root_134515493	Instr_134515493	INTERPRETABLE_AS
Instr_134515492	Instr_134515493	IS_NEXT_IN_BB
BB_134515488	Instr_134515493	IS_BB_OF
Root_134515498	Instr_134515498	INTERPRETABLE_AS
Instr_134515493	Instr_134515498	IS_NEXT_IN_BB
BB_134515488	Instr_134515498	IS_BB_OF
Root_134515503	Instr_134515503	INTERPRETABLE_AS
Instr_134515498	Instr_134515503	IS_NEXT_IN_BB
BB_134515488	Instr_134515503	IS_BB_OF
Root_134515506	Instr_134515506	INTERPRETABLE_AS
Instr_134515503	Instr_134515506	IS_NEXT_IN_BB
BB_134515488	Instr_134515506	IS_BB_OF
Func_134515488	BB_134515488	IS_FUNC_OF
Root_134515512	BB_134515512	INTERPRETABLE_AS
Root_134515512	Instr_134515512	INTERPRETABLE_AS
BB_134515512	Instr_134515512	IS_BB_OF
Root_134515515	Instr_134515515	INTERPRETABLE_AS
Instr_134515512	Instr_134515515	IS_NEXT_IN_BB
BB_134515512	Instr_134515515	IS_BB_OF
Root_134515517	Instr_134515517	INTERPRETABLE_AS
Instr_134515515	Instr_134515517	IS_NEXT_IN_BB
BB_134515512	Instr_134515517	IS_BB_OF
Root_134515519	Instr_134515519	INTERPRETABLE_AS
Instr_134515517	Instr_134515519	IS_NEXT_IN_BB
BB_134515512	Instr_134515519	IS_BB_OF
Root_134515522	Instr_134515522	INTERPRETABLE_AS
Instr_134515519	Instr_134515522	IS_NEXT_IN_BB
BB_134515512	Instr_134515522	IS_BB_OF
Func_134515488	BB_134515512	IS_FUNC_OF
BB_134515488	BB_134515524	CFLOW_TRUE
BB_134515488	BB_134515508	CFLOW_FALSE
BB_134515508	BB_134515512	CFLOW_ALWAYS
BB_134515512	BB_134515512	CFLOW_TRUE
BB_134515512	BB_134515524	CFLOW_FALSE
Root_134515528	BB_134515528	INTERPRETABLE_AS
Root_134515528	Instr_134515528	INTERPRETABLE_AS
BB_134515528	Instr_134515528	IS_BB_OF
Root_134515529	Instr_134515529	INTERPRETABLE_AS
Instr_134515528	Instr_134515529	IS_NEXT_IN_BB
BB_134515528	Instr_134515529	IS_BB_OF
Root_134515531	Instr_134515531	INTERPRETABLE_AS
Instr_134515529	Instr_134515531	IS_NEXT_IN_BB
BB_134515528	Instr_134515531	IS_BB_OF
Root_134515532	Instr_134515532	INTERPRETABLE_AS
Instr_134515531	Instr_134515532	IS_NEXT_IN_BB
BB_134515528	Instr_134515532	IS_BB_OF
Root_134515535	Instr_134515535	INTERPRETABLE_AS
Instr_134515532	Instr_134515535	IS_NEXT_IN_BB
BB_134515528	Instr_134515535	IS_BB_OF
Root_134515540	Instr_134515540	INTERPRETABLE_AS
Instr_134515535	Instr_134515540	IS_NEXT_IN_BB
BB_134515528	Instr_134515540	IS_BB_OF
Root_134515541	Instr_134515541	INTERPRETABLE_AS
Instr_134515540	Instr_134515541	IS_NEXT_IN_BB
BB_134515528	Instr_134515541	IS_BB_OF
Root_134515547	Instr_134515547	INTERPRETABLE_AS
Instr_134515541	Instr_134515547	IS_NEXT_IN_BB
BB_134515528	Instr_134515547	IS_BB_OF
Root_134515552	Instr_134515552	INTERPRETABLE_AS
Instr_134515547	Instr_134515552	IS_NEXT_IN_BB
BB_134515528	Instr_134515552	IS_BB_OF
Root_134515553	Instr_134515553	INTERPRETABLE_AS
Instr_134515552	Instr_134515553	IS_NEXT_IN_BB
BB_134515528	Instr_134515553	IS_BB_OF
Root_134515554	Instr_134515554	INTERPRETABLE_AS
Instr_134515553	Instr_134515554	IS_NEXT_IN_BB
BB_134515528	Instr_134515554	IS_BB_OF
Root_134515555	Instr_134515555	INTERPRETABLE_AS
Instr_134515554	Instr_134515555	IS_NEXT_IN_BB
BB_134515528	Instr_134515555	IS_BB_OF
Func_134515528	BB_134515528	IS_FUNC_OF
